Phone Number,Password

584272727,390042,2025-05-20 07:30:52
584272727,043978,2025-05-20 07:51:24
584272727,587082,2025-05-20 07:55:52
584272727,921982,2025-05-20 08:00:44
584272727,776649,2025-05-20 08:03:43
584272727,881313,2025-05-20 08:09:44
584272727,006235,2025-05-20 08:21:43
584272727,677336,2025-05-20 08:39:29
584272727,348290,2025-05-20 08:48:20
584272727,581947,2025-05-20 08:53:18
584272727,122387,2025-05-20 09:11:19
584272727,666369,2025-05-20 09:13:32
584272727,609498,2025-05-20 09:18:53
584272727,516141,2025-05-20 09:24:13
584272727,879717,2025-05-20 09:34:24
584272727,470784,2025-05-20 16:59:38
584272727,150697,2025-05-20 17:05:03
584272727,438085,2025-05-20 17:08:51
584272727,607263,2025-05-20 17:15:05
584272727,962690,2025-05-20 17:30:52
584272727,856308,2025-05-20 17:38:32
584272727,710119,2025-05-20 17:56:22
584272727,838785,2025-05-20 18:05:42
584272727,<module 'password' from 'D:\\android-automation-framework\\.venv\\Lib\\site-packages\\password.py'>,2025-05-20 18:05:47
584272727,458300,2025-05-20 18:29:37
584272727,422404,2025-05-20 18:33:14
584272727,767736,2025-05-20 18:40:49
584272727,033278,2025-05-20 18:43:23
584272727,490836,2025-05-20 18:47:17
584272727,179133,2025-05-20 18:55:55
584272727,739710,2025-05-20 18:57:57
584272727,013144,2025-05-21 06:32:19
584272727,911475,2025-05-21 06:34:55
584272727,,2025-05-21 14:32:56
123456789,,2025-05-21 14:35:59
555666777,,2025-05-21 14:38:12
584272727,263118,2025-05-21 15:03:28
123456789,,2025-05-21 15:06:31
555666777,,2025-05-21 15:08:44
584272727,aeFL6JYm,2025-05-21 22:44:00
584272727,6MZTzKX6,2025-05-21 22:56:53
584272727,7W5pIGsI,2025-05-21 23:08:15
584272727,R5YyieyH,2025-05-21 23:14:53
584272727,346834,2025-05-21 23:26:55
584272727,405832,2025-05-22 07:25:36
584272727,880604,2025-05-22 07:35:13
584272727,658900,2025-05-22 07:37:54
584272727,280732,2025-05-22 07:48:47
584123123,052862,2025-05-22 07:57:00
584123123,621339,2025-05-22 08:01:44
584123123,327788,2025-05-25 15:03:47
584123123,933157,2025-05-25 15:30:44
584123123,531360,2025-05-26 02:02:19
584123123,414758,2025-05-26 13:17:42
584123123,460037,2025-05-26 13:38:56
584123123,077942,2025-05-29 12:06:33
584292929,725716,2025-08-15 09:11:45
584292929,383505,2025-08-15 09:13:38
584292929,893028,2025-08-15 09:45:02
584292929,246239,2025-08-18 17:47:37
584292929,823296,2025-08-19 10:38:02
584292929,546470,2025-08-19 10:42:27
584292929,235811,2025-08-19 10:52:24
584292929,657123,2025-08-19 10:57:05
584292929,964447,2025-08-19 11:05:35
584292929,455959,2025-08-19 11:08:36
584292929,148818,2025-08-19 11:12:58
584292929,342594,2025-08-19 11:17:45
584292929,221472,2025-08-19 11:23:55
584292929,628086,2025-08-19 11:26:13
584292929,064059,2025-08-19 11:33:40
584292929,144801,2025-08-19 11:36:07
584292929,922524,2025-08-19 11:44:46
584292929,706159,2025-08-19 11:47:11
584292929,557368,2025-08-19 12:33:57
584292929,949220,2025-08-19 12:38:49
584292929,669306,2025-08-19 12:42:21
584292929,061029,2025-08-19 12:53:16
584292929,521823,2025-08-19 12:55:26
584292929,444542,2025-08-19 12:59:11
584292929,588563,2025-08-19 13:07:04
584292929,943152,2025-08-19 13:17:50
584292929,344193,2025-08-19 13:20:23
584292929,978134,2025-08-19 13:29:10
584292929,371309,2025-08-19 14:08:37
584292929,698425,2025-08-19 14:11:13
584292929,386120,2025-08-19 14:14:07
584292929,336415,2025-08-19 14:16:32
584292929,300543,2025-08-19 14:19:07
